cellTh0,tau0,bulkFactor,sawDmg0,etchT,etch_t,etchPrev,NaOH,propanol,textT,text_t,exhaust,HFconc,HClconc,clean_t,rinse_t,Pconc,diffV,diffTdry,diffT2,plasmaP,plasma_t,PECVD_t,PECVD_T,SiH4,NH4,dAl,posAl,negAl,phiAl,pAl,muAl,vAl,dAg,posAg,negAg,phiAg,pAg,muAg,vAg,wAg0,pitchAg,O2,N2,fireV,fireTdry,fireT2
211.4958282,1000,1,8,51.54027715,10.08657286,0,3,4.978535609,63.69270664,26.83416913,2.068586854,26.71212191,26.32624142,8.018999879,9.361127008,89.68685406,0.313468087,123.957849,900,568.5959183,11.04896356,15.61400687,153.5203926,1.585404288,1.513775645,243.6656424,4.21280891,28.23215841,20,5.023647851,2.062998991,3.804858781,154.6913367,3.619507555,20.8302148,50.70501561,7.291024525,6.503269323,8.109739664,152.8476784,3.042800119,37.97438694,12.64296088,6.197037203,210.859326,830
